mae,rmse,r2,time
8.798426780700684,27.366279620450566,0.6203655161608497,13.874160766601562
6.547468531926473,10.15190103029288,0.9463444857093251,13.472902536392212
7.7563315345079475,10.78496036607244,0.9468638808351421,16.858629941940308
15.017991924285889,22.18409529887676,0.78847362666122,23.920241832733154
20.516523848908484,31.572801307512613,0.47781735045429385,37.47248697280884
