mae,rmse,r2,time
3.416467399597168,5.298654118597195,0.9767148586921076,0.30508995056152344
5.725318174362183,7.329280598604085,0.9727694237626326,0.29910755157470703
7.543216234842936,13.515604934858686,0.9048977944403387,0.37351083755493164
7.48623085193145,10.824668453387737,0.946471887213191,0.40316057205200195
10.447053725719451,15.087050517098683,0.9021660095237297,0.5180633068084717
10.146516253495845,19.53000826245829,0.8001974353455201,0.9349188804626465
