mae,rmse,r2,time
6.454629888534546,19.03823728381778,0.8162668144582623,11.27763819694519
