mae,rmse,r2,time
3.416467399597168,5.298654118597195,0.9767148586921076,0.6969971656799316
4.718630142211914,6.309379961695733,0.9798206348796312,0.724999189376831
5.752906491597494,10.618222537892219,0.9413020062452344,0.7869968414306641
5.81544243920155,8.311305242304398,0.9684433283865415,0.8491065502166748
8.71364412968293,13.076760153596013,0.9265010059006927,0.98105788230896
10.276029927628072,18.264724481816035,0.8252478791320838,1.4516537189483643
