mae,rmse,r2,time
3.416467399597168,5.298654118597195,0.9767148586921076,0.9984180927276611
4.718630142211914,6.309379961695733,0.9798206348796312,1.0021424293518066
11.010575431208295,18.394618811404904,0.8238424763999564,1.087693452835083
14.912677930613821,22.308848666293088,0.7726436752541892,1.2098987102508545
16.648039752475775,23.851264117934093,0.7554859145102024,1.4158430099487305
15.145108576400043,21.90673208954694,0.7486080315876937,2.220719814300537
