mae,rmse,r2,time
4.222741603851318,5.319393692935845,0.9765322202259303,0.3538548946380615
5.4868409538269045,8.013943665524685,0.9674443249835655,0.5325398445129395
6.361895078023275,9.75490394683088,0.9504589044504744,0.4455704689025879
7.489029653989352,12.424890105668283,0.9294758536860683,0.4873814582824707
11.34728939930598,17.57455507818476,0.867245345374377,0.609138011932373
12.139670641036131,19.835331185547926,0.7939013643472204,0.9927301406860352
