mae,rmse,r2,time
5.56308005809784,7.089095305346516,0.9745249078198575,13.629200458526611
7.247364908854166,12.759583371449624,0.9152396777072445,13.849298477172852
7.678898056470431,11.287049807247682,0.9418012565121082,16.118245124816895
14.05272941827774,20.554713207069813,0.8184049851292126,23.500250339508057
18.368443872841066,32.86145612497448,0.4343213190059064,36.01999258995056
